<?xml version="1.0" standalone="no"?>
<!DOCTYPE refentry PUBLIC "-//OASIS//DTD DocBook XML V4.1.2//EN"
    "http://www.oasis-open.org/docbook/xml/4.1.2/docbookx.dtd">

<refentry id="class-gtkseparator">
  <refnamediv>
    <refname>gtk.Separator</refname>
    <refpurpose>a base class for visual separator widgets.</refpurpose>
  </refnamediv>

  <refsect1>
    <title>Synopsis</title>

<classsynopsis language="python">
  <ooclass><classname>gtk.Separator</classname></ooclass>
  <ooclass><classname><link linkend="class-gtkwidget">gtk.Widget</link></classname></ooclass>
</classsynopsis>

  </refsect1>

  <refsect1>
    <title>Ancestry</title>

<synopsis>+-- <link linkend="class-gobject">gobject.GObject</link>
  +-- <link linkend="class-gtkobject">gtk.Object</link>
    +-- <link linkend="class-gtkwidget">gtk.Widget</link>
      +-- <link linkend="class-gtkseparator">gtk.Separator</link>
</synopsis>

  </refsect1>
  
  <refsect1>
		<title>Implemented Interfaces</title>
		<para>
			<link linkend="class-gtkseparator"><classname>gtk.Separator</classname></link>
			implements 
			<link linkend="class-gtkbuildable"><classname>gtk.Buildable</classname></link>
		</para>
	</refsect1>


  <refsect1 id="properties-gtkseparator">
    <title>gtk.Separator Properties</title>

    <para><link linkend="properties-gtkobject">gtk.Object Properties</link></para>
    <para><link linkend="properties-gtkwidget">gtk.Widget Properties</link></para>

  </refsect1>

  <refsect1 id="style-properties-gtkseparator">
    <title>gtk.Separator Style Properties</title>

    <para><link linkend="style-properties-gtkwidget">gtk.Widget Style Properties</link></para>

  </refsect1>

  <refsect1 id="signal-prototypes-gtkseparator">
    <title>gtk.Separator Signal Prototypes</title>

    <para><link linkend="signal-prototypes-gobject">gobject.GObject Signal Prototypes</link></para>
    <para><link linkend="signal-prototypes-gtkobject">gtk.Object Signal Prototypes</link></para>
    <para><link linkend="signal-prototypes-gtkwidget">gtk.Widget Signal Prototypes</link></para>
  </refsect1>

  <refsect1>
    <title>Description</title>

    <para>The <link
linkend="class-gtkseparator"><classname>gtk.Separator</classname></link>
widget is an abstract base class, used only for deriving the subclasses
<link
linkend="class-gtkhseparator"><classname>gtk.HSeparator</classname></link>
and <link
linkend="class-gtkvseparator"><classname>gtk.VSeparator</classname></link>.
A separator is a visual delimiter between widgets.</para>

  </refsect1>

</refentry>
