<?xml version="1.0" standalone="no"?>
<!DOCTYPE refentry PUBLIC "-//OASIS//DTD DocBook XML V4.1.2//EN"
    "http://www.oasis-open.org/docbook/xml/4.1.2/docbookx.dtd">

<refentry id="class-atknoopobjectfactory">

  <refnamediv>
    <refname>atk.NoOpObjectFactory</refname>
      <refpurpose>the <link
      linkend="class-atkobjectfactory"><classname>atk.ObjectFactory</classname></link>
      which creates an <link
      linkend="class-atknoopobject"><classname>atk.NoOpObject</classname></link>.
      </refpurpose>
  </refnamediv>

  <refsect1>
    <title>Synopsis</title>

    <classsynopsis language="python">
      <ooclass><classname>atk.NoOpObjectFactory</classname></ooclass>
      <ooclass><classname><link linkend="class-atkobjectfactory">atk.ObjectFactory</link></classname></ooclass>
      <constructorsynopsis language="python">
        <methodname><link linkend="constructor-atknoopobjectfactory">atk.NoOpObjectFactory</link></methodname>
        <methodparam></methodparam>
      </constructorsynopsis>
</classsynopsis>

  </refsect1>

  <refsect1>
    <title>Ancestry</title>

<synopsis>+-- <link linkend="class-gobject">gobject.GObject</link>
  +-- <link linkend="class-atkobjectfactory">atk.ObjectFactory</link>
    +-- <link linkend="class-atknoopobjectfactory">atk.NoOpObjectFactory</link>
</synopsis>

  </refsect1>

  <refsect1 id="signal-prototypes-atknoopobjectfactory">
    <title>atk.NoOpObjectFactory Signal Prototypes</title>

    <para><link linkend="signal-prototypes-gobject">gobject.GObject Signal Prototypes</link></para>
  </refsect1>

  <refsect1>
    <title>Description</title>

    <para>The <link
    linkend="class-atkobjectfactory"><classname>atk.ObjectFactory</classname></link>
    which creates an <link
    linkend="class-atknoopobject"><classname>atk.NoOpObject</classname></link>. An
    instance of this is created by an <link
    linkend="class-atkregistry"><classname>atk.Registry</classname></link>
    if no factory type has not been specified to create an accessible object
    of a particular type.</para>

  </refsect1>

  <refsect1>
    <title>Constructor</title>

    <refsect2 id="constructor-atknoopobjectfactory">
      <title>atk.NoOpObjectFactory</title>

      <programlisting><constructorsynopsis language="python">
        <methodname>atk.NoOpObjectFactory</methodname>
        <methodparam></methodparam>
      </constructorsynopsis></programlisting>

      <variablelist>
        <varlistentry>
          <term><emphasis>Returns</emphasis>&nbsp;:</term>
          <listitem><simpara>an instance of an <link
          linkend="class-atkobjectfactory"><classname>atk.ObjectFactory</classname></link></simpara></listitem>
        </varlistentry>
      </variablelist>

      <para>Creates an instance of an <link
      linkend="class-atkobjectfactory"><classname>atk.ObjectFactory</classname></link>
      which generates primitive (non-functioning) <link
      linkend="class-atkobject"><classname>atk.Object</classname></link>
      objects.</para>

    </refsect2>

  </refsect1>

</refentry>
