<?xml version="1.0" standalone="no"?>
<!DOCTYPE refentry PUBLIC "-//OASIS//DTD DocBook XML V4.1.2//EN"
    "http://www.oasis-open.org/docbook/xml/4.1.2/docbookx.dtd">

<refentry id="class-gtkhbuttonbox">
  <refnamediv>
    <refname>gtk.HButtonBox</refname>
    <refpurpose>a container for arranging buttons horizontally.</refpurpose>
  </refnamediv>

  <refsect1>
    <title>Synopsis</title>

    <classsynopsis language="python">
      <ooclass><classname>gtk.HButtonBox</classname></ooclass>
      <ooclass><classname><link
linkend="class-gtkbuttonbox">gtk.ButtonBox</link></classname></ooclass>
      <constructorsynopsis language="python">
	<methodname><link
linkend="constructor-gtkhbuttonbox">gtk.HButtonBox</link></methodname>
	<methodparam></methodparam>  </constructorsynopsis>
    </classsynopsis>

  </refsect1>

  <refsect1>
    <title>Ancestry</title>

<synopsis>+-- <link linkend="class-gobject">gobject.GObject</link>
  +-- <link linkend="class-gtkobject">gtk.Object</link>
    +-- <link linkend="class-gtkwidget">gtk.Widget</link>
      +-- <link linkend="class-gtkcontainer">gtk.Container</link>
        +-- <link linkend="class-gtkbox">gtk.Box</link>
          +-- <link linkend="class-gtkbuttonbox">gtk.ButtonBox</link>
            +-- <link linkend="class-gtkhbuttonbox">gtk.HButtonBox</link>
</synopsis>

  </refsect1>
  
  <refsect1>
		<title>Implemented Interfaces</title>
		<para>
			<link linkend="class-gtkhbuttonbox"><classname>gtk.HButtonBox</classname></link>
			implements 
			<link linkend="class-gtkbuildable"><classname>gtk.Buildable</classname></link>
		</para>
	</refsect1>

  <refsect1 id="properties-gtkhbuttonbox">
    <title>gtk.HButtonBox Properties</title>

    <para><link linkend="properties-gtkobject">gtk.Object Properties</link></para>
    <para><link linkend="properties-gtkwidget">gtk.Widget Properties</link></para>
    <para><link linkend="properties-gtkcontainer">gtk.Container Properties</link></para>
    <para><link linkend="properties-gtkbox">gtk.Box Properties</link></para>
    <para><link linkend="properties-gtkbuttonbox">gtk.ButtonBox Properties</link></para>

  </refsect1>

  <refsect1 id="style-properties-gtkhbuttonbox">
    <title>gtk.HButtonBox Style Properties</title>

    <para><link linkend="style-properties-gtkwidget">gtk.Widget Style Properties</link></para>
    <para><link linkend="style-properties-gtkbuttonbox">gtk.ButtonBox Style Properties</link></para>

  </refsect1>

  <refsect1 id="child-properties-gtkhbuttonbox">
    <title>gtk.HButtonBox Child Properties</title>

    <para><link linkend="child-properties-gtkbox">gtk.Box Child Properties</link></para>
    <para><link linkend="child-properties-gtkbuttonbox">gtk.ButtonBox Child Properties</link></para>

  </refsect1>

  <refsect1 id="signal-prototypes-gtkhbuttonbox">
    <title>gtk.HButtonBox Signal Prototypes</title>

    <para><link linkend="signal-prototypes-gobject">gobject.GObject Signal Prototypes</link></para>
    <para><link linkend="signal-prototypes-gtkobject">gtk.Object Signal Prototypes</link></para>
    <para><link linkend="signal-prototypes-gtkwidget">gtk.Widget Signal Prototypes</link></para>
    <para><link linkend="signal-prototypes-gtkcontainer">gtk.Container Signal Prototypes</link></para>
  </refsect1>

  <refsect1>
    <title>Description</title>

    <para>The <link
linkend="class-gtkhbuttonbox"><classname>gtk.HButtonBox</classname></link>
is a container subclassed from <link
linkend="class-gtkbuttonbox"><classname>gtk.ButtonBox</classname></link>
that is optimized for the horizontal layout of buttons. The <link
linkend="class-gtkhbuttonbox"><classname>gtk.HButtonBox</classname></link>
helps provide a consistent layout of buttons in an application by providing
default values of spacing, padding and layout style as described in the
<link
linkend="class-gtkbuttonbox"><classname>gtk.ButtonBox</classname></link>
reference. Buttons are packed into a <link
linkend="class-gtkhbuttonbox"><classname>gtk.HButtonBox</classname></link>
using the <link
linkend="method-gtkcontainer--add"><methodname>gtk.Container.add</methodname>()</link>
method or the <link
linkend="method-gtkbox--pack-start"><methodname>gtk.Box.pack_start</methodname>()</link>
and <link
linkend="method-gtkbox--pack-end"><methodname>gtk.Box.pack_end</methodname>()</link>
methods. The spacing between buttons can be set with the <link
linkend="method-gtkbox--set-spacing"><methodname>gtk.Box.set_spacing</methodname>()</link>
method.</para>

  </refsect1>

  <refsect1 id="constructor-gtkhbuttonbox">
    <title>Constructor</title>

    <programlisting><constructorsynopsis language="python">
	<methodname>gtk.HButtonBox</methodname>
	<methodparam></methodparam>  </constructorsynopsis></programlisting>
    <variablelist>
      <varlistentry>
	<term><emphasis>Returns</emphasis>&nbsp;:</term>
	<listitem><simpara>a new hbuttonbox widget</simpara></listitem>
      </varlistentry>
    </variablelist>

    <para>Creates a new <link
linkend="class-gtkhbuttonbox"><classname>gtk.HButtonBox</classname></link>
widget.</para>

  </refsect1>

</refentry>
