<?xml version="1.0" standalone="no"?>
<!DOCTYPE refentry PUBLIC "-//OASIS//DTD DocBook XML V4.1.2//EN"
    "http://www.oasis-open.org/docbook/xml/4.1.2/docbookx.dtd">

<refentry id="class-gtkhscrollbar">
  <refnamediv>
    <refname>gtk.HScrollbar</refname>
    <refpurpose>a horizontal scrollbar widget</refpurpose>
  </refnamediv>

  <refsect1>
    <title>Synopsis</title>

    <classsynopsis language="python">
      <ooclass><classname>gtk.HScrollbar</classname></ooclass>
      <ooclass><classname><link
linkend="class-gtkscrollbar">gtk.Scrollbar</link></classname></ooclass>
      <constructorsynopsis language="python">
	<methodname><link
linkend="constructor-gtkhscrollbar">gtk.HScrollbar</link></methodname>
	<methodparam><parameter
		       role="keyword">adjustment</parameter><initializer>None</initializer></methodparam>
      </constructorsynopsis>
    </classsynopsis>

  </refsect1>

  <refsect1>
    <title>Ancestry</title>

<synopsis>+-- <link linkend="class-gobject">gobject.GObject</link>
  +-- <link linkend="class-gtkobject">gtk.Object</link>
    +-- <link linkend="class-gtkwidget">gtk.Widget</link>
      +-- <link linkend="class-gtkrange">gtk.Range</link>
        +-- <link linkend="class-gtkscrollbar">gtk.Scrollbar</link>
          +-- <link linkend="class-gtkhscrollbar">gtk.HScrollbar</link>
</synopsis>

  </refsect1>
  
  <refsect1>
		<title>Implemented Interfaces</title>
		<para>
			<link linkend="class-gtkhscrollbar"><classname>gtk.HScrollbar</classname></link>
			implements 
			<link linkend="class-gtkbuildable"><classname>gtk.Buildable</classname></link>
		</para>
	</refsect1>


  <refsect1 id="properties-gtkhscrollbar">
    <title>gtk.HScrollbar Properties</title>

    <para><link linkend="properties-gtkobject">gtk.Object Properties</link></para>
    <para><link linkend="properties-gtkwidget">gtk.Widget Properties</link></para>
    <para><link linkend="properties-gtkrange">gtk.Range Properties</link></para>

  </refsect1>

  <refsect1 id="style-properties-gtkhscrollbar">
    <title>gtk.HScrollbar Style Properties</title>

    <para><link linkend="style-properties-gtkwidget">gtk.Widget Style Properties</link></para>
    <para><link linkend="style-properties-gtkrange">gtk.Range Style Properties</link></para>
    <para><link linkend="style-properties-gtkscrollbar">gtk.Scrollbar Style Properties</link></para>

  </refsect1>

  <refsect1 id="signal-prototypes-gtkhscrollbar">
    <title>gtk.HScrollbar Signal Prototypes</title>

    <para><link linkend="signal-prototypes-gobject">gobject.GObject Signal Prototypes</link></para>
    <para><link linkend="signal-prototypes-gtkobject">gtk.Object Signal Prototypes</link></para>
    <para><link linkend="signal-prototypes-gtkwidget">gtk.Widget Signal Prototypes</link></para>
    <para><link linkend="signal-prototypes-gtkrange">gtk.Range Signal Prototypes</link></para>
  </refsect1>

  <refsect1>
    <title>Description</title>

    <para>The <link
linkend="class-gtkhscrollbar"><classname>gtk.HScrollbar</classname></link>
widget is subclassed from <link
linkend="class-gtkscrollbar"><classname>gtk.Scrollbar</classname></link> to
provide a horizontal scrollbar. See <link
linkend="class-gtkscrollbar"><classname>gtk.Scrollbar</classname></link> for
details on the methods available for managing scrollbars. A <link
linkend="class-gtkadjustment"><classname>gtk.Adjustment</classname></link>
may be specified with the scrollbar at creation (or is created automatically
if none is specified) to handle the adjustment of the scrollbar. See <link
linkend="class-gtkadjustment"><classname>gtk.Adjustment</classname></link>
for details.</para>

  </refsect1>

  <refsect1 id="constructor-gtkhscrollbar">
    <title>Constructor</title>

    <programlisting><constructorsynopsis language="python">
	<methodname>gtk.HScrollbar</methodname>
	<methodparam><parameter
		       role="keyword">adjustment</parameter><initializer>None</initializer></methodparam>
      </constructorsynopsis></programlisting>
    <variablelist>
      <varlistentry>
	<term><parameter role="keyword">adjustment</parameter>&nbsp;:</term>
	<listitem><simpara>a <link
linkend="class-gtkadjustment"><classname>gtk.Adjustment</classname></link>
or <literal>None</literal> to automatically create an
adjustment</simpara></listitem>
      </varlistentry>
      <varlistentry>
	<term><emphasis>Returns</emphasis>&nbsp;:</term>
	<listitem><simpara>a new hscrollbar widget</simpara></listitem>
      </varlistentry>
    </variablelist>

    <para>Creates a new <link
linkend="class-gtkhscrollbar"><classname>gtk.HScrollbar</classname></link>
with an associated <link
linkend="class-gtkadjustment"><classname>gtk.Adjustment</classname></link>
specified by <parameter>adjustment</parameter>. If
<parameter>adjustment</parameter> is None or missing a new <link
linkend="class-gtkadjustment"><classname>gtk.Adjustment</classname></link>
will be created and associated with the scrollbar.</para>

  </refsect1>

</refentry>
