<?xml version="1.0" standalone="no"?>
<!DOCTYPE refentry PUBLIC "-//OASIS//DTD DocBook XML V4.1.2//EN"
    "http://www.oasis-open.org/docbook/xml/4.1.2/docbookx.dtd">

<refentry id="class-gtkseparatormenuitem">
  <refnamediv>
    <refname>gtk.SeparatorMenuItem</refname>
    <refpurpose>a separator used in menus.</refpurpose>
  </refnamediv>

  <refsect1>
    <title>Synopsis</title>

    <classsynopsis language="python">
      <ooclass><classname>gtk.SeparatorMenuItem</classname></ooclass>
      <ooclass><classname><link
linkend="class-gtkmenuitem">gtk.MenuItem</link></classname></ooclass>
      <constructorsynopsis language="python">
	<methodname><link
linkend="constructor-gtkseparatormenuitem">gtk.SeparatorMenuItem</link></methodname>
	<methodparam></methodparam>  </constructorsynopsis>
    </classsynopsis>

  </refsect1>

  <refsect1>
    <title>Ancestry</title>

<synopsis>+-- <link linkend="class-gobject">gobject.GObject</link>
  +-- <link linkend="class-gtkobject">gtk.Object</link>
    +-- <link linkend="class-gtkwidget">gtk.Widget</link>
      +-- <link linkend="class-gtkcontainer">gtk.Container</link>
        +-- <link linkend="class-gtkbin">gtk.Bin</link>
          +-- <link linkend="class-gtkitem">gtk.Item</link>
            +-- <link linkend="class-gtkmenuitem">gtk.MenuItem</link>
              +-- <link linkend="class-gtkseparatormenuitem">gtk.SeparatorMenuItem</link>
</synopsis>

  </refsect1>
  
  <refsect1>
		<title>Implemented Interfaces</title>
		<para>
			<link linkend="class-gtkseparatormenuitem"><classname>gtk.SeparatorMenuItem</classname></link>
			implements 
			<link linkend="class-gtkbuildable"><classname>gtk.Buildable</classname></link>
		</para>
	</refsect1>

  <refsect1 id="properties-gtkseparatormenuitem">
    <title>gtk.SeparatorMenuItem Properties</title>

    <para><link linkend="properties-gtkobject">gtk.Object Properties</link></para>
    <para><link linkend="properties-gtkwidget">gtk.Widget Properties</link></para>
    <para><link linkend="properties-gtkcontainer">gtk.Container Properties</link></para>

  </refsect1>

  <refsect1 id="style-properties-gtkseparatormenuitem">
    <title>gtk.SeparatorMenuItem Style Properties</title>

    <para><link linkend="style-properties-gtkwidget">gtk.Widget Style Properties</link></para>
    <para><link linkend="style-properties-gtkmenuitem">gtk.MenuItem Style Properties</link></para>

  </refsect1>

  <refsect1 id="signal-prototypes-gtkseparatormenuitem">
    <title>gtk.SeparatorMenuItem Signal Prototypes</title>

    <para><link linkend="signal-prototypes-gobject">gobject.GObject Signal Prototypes</link></para>
    <para><link linkend="signal-prototypes-gtkobject">gtk.Object Signal Prototypes</link></para>
    <para><link linkend="signal-prototypes-gtkwidget">gtk.Widget Signal Prototypes</link></para>
    <para><link linkend="signal-prototypes-gtkcontainer">gtk.Container Signal Prototypes</link></para>
    <para><link linkend="signal-prototypes-gtkitem">gtk.Item Signal Prototypes</link></para>
    <para><link linkend="signal-prototypes-gtkmenuitem">gtk.MenuItem Signal Prototypes</link></para>
  </refsect1>

  <refsect1>
    <title>Description</title>

    <para>The <link
linkend="class-gtkseparatormenuitem"><classname>gtk.SeparatorMenuItem</classname></link> 
is a separator used to group items within a menu. It displays a horizontal
line with a shadow to make it appear sunken into the interface.</para>

  </refsect1>

  <refsect1 id="constructor-gtkseparatormenuitem">
    <title>Constructor</title>

    <programlisting><constructorsynopsis language="python">
	<methodname>gtk.SeparatorMenuItem</methodname>
	<methodparam></methodparam>  </constructorsynopsis></programlisting>
    <variablelist>
      <varlistentry>
	<term><emphasis>Returns</emphasis>&nbsp;:</term>
	<listitem><simpara>a new <link
linkend="class-gtkseparatormenuitem"><classname>gtk.SeparatorMenuItem</classname></link> 
widget</simpara></listitem>
      </varlistentry>
    </variablelist>

    <para>Creates a new <link
linkend="class-gtkseparatormenuitem"><classname>gtk.SeparatorMenuItem</classname></link> 
widget.</para>

  </refsect1>

</refentry>
