<?xml version="1.0" standalone="no"?>
<!DOCTYPE refentry PUBLIC "-//OASIS//DTD DocBook XML V4.1.2//EN"
    "http://www.oasis-open.org/docbook/xml/4.1.2/docbookx.dtd">

<refentry id="class-gtkaccessible">
  <refnamediv>
    <refname>gtk.Accessible</refname>
      <refpurpose>accessibility support for widgets.</refpurpose>
  </refnamediv>

  <refsect1>
    <title>Synopsis</title>

    <classsynopsis language="python">
      <ooclass><classname>gtk.Accessible</classname></ooclass>
      <ooclass><classname><link linkend="class-atkobject">atk.Object</link></classname></ooclass>
      <methodsynopsis language="python">
        <methodname><link linkend="method-gtkaccessible--connect-widget-destroyed">connect_widget_destroyed</link></methodname>
        <methodparam></methodparam>
      </methodsynopsis><methodsynopsis language="python">
        <methodname><link linkend="method-gtkaccessible--get-widget">get_widget</link></methodname>
        <methodparam></methodparam>
      </methodsynopsis><methodsynopsis language="python">
        <methodname><link linkend="method-gtkaccessible--set-widget">set_widget</link></methodname>
        <methodparam><parameter role="keyword">widget</parameter></methodparam>
      </methodsynopsis>
    </classsynopsis>
  </refsect1>

  <refsect1>
    <title>Ancestry</title>

<synopsis>+-- <link linkend="class-gobject">gobject.GObject</link>
  +-- <link linkend="class-atkobject">atk.Object</link>
    +-- <link linkend="class-gtkaccessible">gtk.Accessible</link>
</synopsis>
  </refsect1>

  <refsect1 id="properties-gtkaccessible">
    <title>gtk.Accessible Properties</title>

    <para><link linkend="properties-atkobject">atk.Object Properties</link></para>
  </refsect1>

  <refsect1 id="signal-prototypes-gtkaccessible">
    <title>gtk.Accessible Signal Prototypes</title>

    <para><link linkend="signal-prototypes-gobject">gobject.GObject Signal Prototypes</link></para>
    <para><link linkend="signal-prototypes-atkobject">atk.Object Signal Prototypes</link></para>
  </refsect1>

  <refsect1>
    <title>Description</title>

    <para>The gtk.Accessible class is an abstract base class.</para>
  </refsect1>

  <refsect1>
    <title>Methods</title>

    <refsect2 id="method-gtkaccessible--connect-widget-destroyed">
      <title>gtk.Accessible.connect_widget_destroyed</title>

      <programlisting><methodsynopsis language="python">
        <methodname>connect_widget_destroyed</methodname>
        <methodparam></methodparam>
        </methodsynopsis></programlisting>

      <para>This method specifies the callback function to be called when
            the widget corresponding to a <classname>gtk.Accessible</classname> is
            destroyed.</para>

    </refsect2>

    <refsect2 id="method-gtkaccessible--get-widget">
      <title>gtk.Accessible.get_widget</title>

      <programlisting><methodsynopsis language="python">
        <methodname>get_widget</methodname>
        <methodparam></methodparam>
        </methodsynopsis></programlisting>
      <variablelist>
        <varlistentry>
          <term><emphasis>Returns</emphasis>&nbsp;:</term>
          <listitem><simpara>the <classname>gtk.Widget</classname> corresponding to the <classname>gtk.Accessible</classname></simpara></listitem>
        </varlistentry>
      </variablelist>

      <note>
        <para>This method is available in PyGTK 2.22 and above.</para>
      </note>

    <para>The <methodname>get_widget</methodname>() method returns the
          <classname>gtk.Widget</classname> corresponding to the
          <classname>gtk.Accessible</classname>.</para>

    </refsect2>

    <refsect2 id="method-gtkaccessible--set-widget">
      <title>gtk.Accessible.set_widget</title>

      <programlisting><methodsynopsis language="python">
        <methodname>set_widget</methodname>
        <methodparam><parameter role="keyword">widget</parameter></methodparam>
        </methodsynopsis></programlisting>
      <variablelist>
        <varlistentry>
          <term><parameter role="keyword">widget</parameter>&nbsp;:</term>
          <listitem><simpara>a <classname>gtk.Widget</classname></simpara></listitem>
        </varlistentry>
      </variablelist>

      <note>
        <para>This method is available in PyGTK 2.22 and above.</para>
      </note>

      <para>The <methodname>set_widget</methodname>() method sets the
            <classname>gtk.Widget</classname> corresponding to the
            <classname>gtk.Accessible</classname>.</para>

    </refsect2>
  </refsect1>
</refentry>
