<?xml version="1.0" standalone="no"?>
<!DOCTYPE refentry PUBLIC "-//OASIS//DTD DocBook XML V4.1.2//EN"
    "http://www.oasis-open.org/docbook/xml/4.1.2/docbookx.dtd">

<refentry id="class-gtkhpaned">
  <refnamediv>
    <refname>gtk.HPaned</refname>
    <refpurpose>a container with two panes arranged
horizontally.</refpurpose>
  </refnamediv>

  <refsect1>
    <title>Synopsis</title>

    <classsynopsis language="python">
      <ooclass><classname>gtk.HPaned</classname></ooclass>
      <ooclass><classname><link
linkend="class-gtkpaned">gtk.Paned</link></classname></ooclass>
      <constructorsynopsis language="python">
	<methodname><link
linkend="constructor-gtkhpaned">gtk.HPaned</link></methodname>
	<methodparam></methodparam>  </constructorsynopsis>
    </classsynopsis>

  </refsect1>

  <refsect1>
    <title>Ancestry</title>

<synopsis>+-- <link linkend="class-gobject">gobject.GObject</link>
  +-- <link linkend="class-gtkobject">gtk.Object</link>
    +-- <link linkend="class-gtkwidget">gtk.Widget</link>
      +-- <link linkend="class-gtkcontainer">gtk.Container</link>
        +-- <link linkend="class-gtkpaned">gtk.Paned</link>
          +-- <link linkend="class-gtkhpaned">gtk.HPaned</link>
</synopsis>

  </refsect1>
  
  <refsect1>
		<title>Implemented Interfaces</title>
		<para>
			<link linkend="class-gtkhpaned"><classname>gtk.HPaned</classname></link>
			implements 
			<link linkend="class-gtkbuildable"><classname>gtk.Buildable</classname></link>
		</para>
	</refsect1>


  <refsect1 id="properties-gtkhpaned">
    <title>gtk.HPaned Properties</title>

    <para><link linkend="properties-gtkobject">gtk.Object Properties</link></para>
    <para><link linkend="properties-gtkwidget">gtk.Widget Properties</link></para>
    <para><link linkend="properties-gtkcontainer">gtk.Container Properties</link></para>
    <para><link linkend="properties-gtkpaned">gtk.Paned Properties</link></para>

  </refsect1>

  <refsect1 id="style-properties-gtkhpaned">
    <title>gtk.HPaned Style Properties</title>

    <para><link linkend="style-properties-gtkwidget">gtk.Widget Style Properties</link></para>
    <para><link linkend="style-properties-gtkpaned">gtk.Paned Style Properties</link></para>

  </refsect1>

  <refsect1 id="child-properties-gtkhpaned">
    <title>gtk.HPaned Child Properties</title>

    <para><link linkend="child-properties-gtkpaned">gtk.Paned Child Properties</link></para>

  </refsect1>

  <refsect1 id="signal-prototypes-gtkhpaned">
    <title>gtk.HPaned Signal Prototypes</title>

    <para><link linkend="signal-prototypes-gobject">gobject.GObject Signal Prototypes</link></para>
    <para><link linkend="signal-prototypes-gtkobject">gtk.Object Signal Prototypes</link></para>
    <para><link linkend="signal-prototypes-gtkwidget">gtk.Widget Signal Prototypes</link></para>
    <para><link linkend="signal-prototypes-gtkcontainer">gtk.Container Signal Prototypes</link></para>
    <para><link linkend="signal-prototypes-gtkpaned">gtk.Paned Signal Prototypes</link></para>
  </refsect1>

  <refsect1>
    <title>Description</title>

    <para>The <link
linkend="class-gtkhpaned"><classname>gtk.HPaned</classname></link> is a
container widget subclassed from <link
linkend="class-gtkpaned"><classname>gtk.Paned</classname></link> with two
children arranged horizontally. The division between the children can be
adjusted by the user by dragging a handle. See the <link
linkend="class-gtkpaned"><classname>gtk.Paned</classname></link> description
for more information.</para>

  </refsect1>

  <refsect1 id="constructor-gtkhpaned">
    <title>Constructor</title>

    <programlisting><constructorsynopsis language="python">
	<methodname>gtk.HPaned</methodname>
	<methodparam></methodparam>  </constructorsynopsis></programlisting>
    <variablelist>
      <varlistentry>
	<term><emphasis>Returns</emphasis>&nbsp;:</term>
	<listitem><simpara>a new hpaned widget</simpara></listitem>
      </varlistentry>
    </variablelist>

    <para>Creates a new <link
linkend="class-gtkhpaned"><classname>gtk.HPaned</classname></link>
widget.</para>

  </refsect1>

</refentry>
