<?xml version="1.0" standalone="no"?>
<!DOCTYPE refentry PUBLIC "-//OASIS//DTD DocBook XML V4.1.2//EN"
    "http://www.oasis-open.org/docbook/xml/4.1.2/docbookx.dtd">

<refentry id="class-gtkhseparator">
  <refnamediv>
    <refname>gtk.HSeparator</refname>
    <refpurpose>a horizontal separator.</refpurpose>
  </refnamediv>

  <refsect1>
    <title>Synopsis</title>

    <classsynopsis language="python">
      <ooclass><classname>gtk.HSeparator</classname></ooclass>
      <ooclass><classname><link
linkend="class-gtkseparator">gtk.Separator</link></classname></ooclass>
      <constructorsynopsis language="python">
	<methodname><link
linkend="constructor-gtkhseparator">gtk.HSeparator</link></methodname>
	<methodparam></methodparam>  </constructorsynopsis>
    </classsynopsis>

  </refsect1>

  <refsect1>
    <title>Ancestry</title>

<synopsis>+-- <link linkend="class-gobject">gobject.GObject</link>
  +-- <link linkend="class-gtkobject">gtk.Object</link>
    +-- <link linkend="class-gtkwidget">gtk.Widget</link>
      +-- <link linkend="class-gtkseparator">gtk.Separator</link>
        +-- <link linkend="class-gtkhseparator">gtk.HSeparator</link>
</synopsis>
  </refsect1>
  
  <refsect1>
		<title>Implemented Interfaces</title>
		<para>
			<link linkend="class-gtkhseparator"><classname>gtk.HSeparator</classname></link>
			implements 
			<link linkend="class-gtkbuildable"><classname>gtk.Buildable</classname></link>
		</para>
	</refsect1>

  <refsect1 id="properties-gtkhseparator">
    <title>gtk.HSeparator Properties</title>

    <para><link linkend="properties-gtkobject">gtk.Object Properties</link></para>
    <para><link linkend="properties-gtkwidget">gtk.Widget Properties</link></para>

  </refsect1>

  <refsect1 id="style-properties-gtkhseparator">
    <title>gtk.HSeparator Style Properties</title>

    <para><link linkend="style-properties-gtkwidget">gtk.Widget Style Properties</link></para>

  </refsect1>

  <refsect1 id="signal-prototypes-gtkhseparator">
    <title>gtk.HSeparator Signal Prototypes</title>

    <para><link linkend="signal-prototypes-gobject">gobject.GObject Signal Prototypes</link></para>
    <para><link linkend="signal-prototypes-gtkobject">gtk.Object Signal Prototypes</link></para>
    <para><link linkend="signal-prototypes-gtkwidget">gtk.Widget Signal Prototypes</link></para>
  </refsect1>



  <refsect1>
    <title>Description</title>

    <para>The <link
linkend="class-gtkhseparator"><classname>gtk.HSeparator</classname></link>
widget is a horizontal separator, used to visibly separate the widgets
within a window. It displays a horizontal line with a shadow to make it
appear sunken into the interface.</para>

    <note>
      <para>The <link
linkend="class-gtkhseparator"><classname>gtk.HSeparator</classname></link>
widget is not used as a separator within menus. To create a separator in a
menu create an empty <link
linkend="class-gtkseparatormenuitem"><classname>gtk.SeparatorMenuItem</classname></link> 
widget and add it to the menu with <link
linkend="method-gtkmenushell--append"><methodname>gtk.MenuShell.append</methodname>()</link>.</para>
    </note>

  </refsect1>

  <refsect1 id="constructor-gtkhseparator">
    <title>Constructor</title>

    <programlisting><constructorsynopsis language="python">
	<methodname>gtk.HSeparator</methodname>
	<methodparam></methodparam>  </constructorsynopsis></programlisting>
    <variablelist>
      <varlistentry>
	<term><emphasis>Returns</emphasis>&nbsp;:</term>
	<listitem><simpara>a new horizontal separator
widget</simpara></listitem>
      </varlistentry>
    </variablelist>

    <para>Creates a new <link
linkend="class-gtkhseparator"><classname>gtk.HSeparator</classname></link>
widget.</para>

  </refsect1>

</refentry>
