<?xml version="1.0" standalone="no"?>
<!DOCTYPE chapter PUBLIC "-//OASIS//DTD DocBook XML V4.1.2//EN"
    "http://www.oasis-open.org/docbook/xml/4.1.2/docbookx.dtd">
<chapter id="gtk-class-reference" xmlns:xi="http://www.w3.org/2001/XInclude">
  <title>The gtk Class Reference</title>

<!-- GTK CLASSES -->

  <xi:include href="pygtk-gtkaboutdialog.xml"/>
  <xi:include href="pygtk-gtkaccelgroup.xml"/>
  <xi:include href="pygtk-gtkaccellabel.xml"/>
  <xi:include href="pygtk-gtkaccelmap.xml"/>
  <xi:include href="pygtk-gtkaccessible.xml"/>
  <xi:include href="pygtk-gtkaction.xml"/>
  <xi:include href="pygtk-gtkactiongroup.xml"/>
  <xi:include href="pygtk-gtkactivatable.xml"/>
  <xi:include href="pygtk-gtkadjustment.xml"/>
  <xi:include href="pygtk-gtkalignment.xml"/>
  <xi:include href="pygtk-gtkarrow.xml"/>
  <xi:include href="pygtk-gtkaspectframe.xml"/>
  <xi:include href="pygtk-gtkassistant.xml"/>
  <xi:include href="pygtk-gtkbin.xml"/>
  <xi:include href="pygtk-gtkborder.xml"/>
  <xi:include href="pygtk-gtkbox.xml"/>
  <xi:include href="pygtk-gtkbuildable.xml"/>
  <xi:include href="pygtk-gtkbuilder.xml"/>
  <xi:include href="pygtk-gtkbutton.xml"/>
  <xi:include href="pygtk-gtkbuttonbox.xml"/>
  <xi:include href="pygtk-gtkcalendar.xml"/>
  <xi:include href="pygtk-gtkcelleditable.xml"/>
  <xi:include href="pygtk-gtkcelllayout.xml"/>
  <xi:include href="pygtk-gtkcellrenderer.xml"/>
  <xi:include href="pygtk-gtkcellrendereraccel.xml"/>
  <xi:include href="pygtk-gtkcellrenderercombo.xml"/>
  <xi:include href="pygtk-gtkcellrendererpixbuf.xml"/>
  <xi:include href="pygtk-gtkcellrendererprogress.xml"/>
  <xi:include href="pygtk-gtkcellrendererspin.xml"/>
  <xi:include href="pygtk-gtkcellrendererspinner.xml"/>
  <xi:include href="pygtk-gtkcellrenderertext.xml"/>
  <xi:include href="pygtk-gtkcellrenderertoggle.xml"/>
  <xi:include href="pygtk-gtkcellview.xml"/>
  <xi:include href="pygtk-gtkcheckbutton.xml"/>
  <xi:include href="pygtk-gtkcheckmenuitem.xml"/>
  <xi:include href="pygtk-gtkclipboard.xml"/>
  <xi:include href="pygtk-gtkcolorbutton.xml"/>
  <xi:include href="pygtk-gtkcolorselection.xml"/>
  <xi:include href="pygtk-gtkcolorselectiondialog.xml"/>
  <xi:include href="pygtk-gtkcombo.xml"/>
  <xi:include href="pygtk-gtkcombobox.xml"/>
  <xi:include href="pygtk-gtkcomboboxentry.xml"/>
  <xi:include href="pygtk-gtkcomboboxtext.xml"/>
  <xi:include href="pygtk-gtkcontainer.xml"/>
  <xi:include href="pygtk-gtkcurve.xml"/>
  <xi:include href="pygtk-gtkdialog.xml"/>
  <xi:include href="pygtk-gtkdrawingarea.xml"/>
  <xi:include href="pygtk-gtkeditable.xml"/>
  <xi:include href="pygtk-gtkentry.xml"/>
  <xi:include href="pygtk-gtkentrybuffer.xml"/>
  <xi:include href="pygtk-gtkentrycompletion.xml"/>
  <xi:include href="pygtk-gtkeventbox.xml"/>
  <xi:include href="pygtk-gtkexpander.xml"/>
  <xi:include href="pygtk-gtkfilechooser.xml"/>
  <xi:include href="pygtk-gtkfilechooserbutton.xml"/>
  <xi:include href="pygtk-gtkfilechooserdialog.xml"/>
  <xi:include href="pygtk-gtkfilechooserwidget.xml"/>
  <xi:include href="pygtk-gtkfilefilter.xml"/>
  <xi:include href="pygtk-gtkfileselection.xml"/>
  <xi:include href="pygtk-gtkfixed.xml"/>
  <xi:include href="pygtk-gtkfontbutton.xml"/>
  <xi:include href="pygtk-gtkfontselection.xml"/>
  <xi:include href="pygtk-gtkfontselectiondialog.xml"/>
  <xi:include href="pygtk-gtkframe.xml"/>
  <xi:include href="pygtk-gtkgammacurve.xml"/>
  <xi:include href="pygtk-pygtkgenericcellrenderer.xml"/>
  <xi:include href="pygtk-pygtkgenerictreemodel.xml"/>
  <xi:include href="pygtk-gtkhandlebox.xml"/>
  <xi:include href="pygtk-gtkhbox.xml"/>
  <xi:include href="pygtk-gtkhbuttonbox.xml"/>
  <xi:include href="pygtk-gtkhpaned.xml"/>
  <xi:include href="pygtk-gtkhruler.xml"/>
  <xi:include href="pygtk-gtkhscale.xml"/>
  <xi:include href="pygtk-gtkhscrollbar.xml"/>
  <xi:include href="pygtk-gtkhseparator.xml"/>
  <xi:include href="pygtk-gtkiconfactory.xml"/>
  <xi:include href="pygtk-gtkiconinfo.xml"/>
  <xi:include href="pygtk-gtkiconset.xml"/>
  <xi:include href="pygtk-gtkiconsource.xml"/>
  <xi:include href="pygtk-gtkicontheme.xml"/>
  <xi:include href="pygtk-gtkiconview.xml"/>
  <xi:include href="pygtk-gtkimage.xml"/>
  <xi:include href="pygtk-gtkimagemenuitem.xml"/>
  <xi:include href="pygtk-gtkimcontext.xml"/>
  <xi:include href="pygtk-gtkimcontextsimple.xml"/>
  <xi:include href="pygtk-gtkimmulticontext.xml"/>
  <xi:include href="pygtk-gtkinfobar.xml"/>
  <xi:include href="pygtk-gtkinputdialog.xml"/>
  <xi:include href="pygtk-gtkinvisible.xml"/>
  <xi:include href="pygtk-gtkitem.xml"/>
  <xi:include href="pygtk-gtkitemfactory.xml"/>
  <xi:include href="pygtk-gtklabel.xml"/>
  <xi:include href="pygtk-gtklayout.xml"/>
  <xi:include href="pygtk-gtklinkbutton.xml"/>
  <xi:include href="pygtk-gtkliststore.xml"/>
  <xi:include href="pygtk-gtkmenu.xml"/>
  <xi:include href="pygtk-gtkmenubar.xml"/>
  <xi:include href="pygtk-gtkmenuitem.xml"/>
  <xi:include href="pygtk-gtkmenushell.xml"/>
  <xi:include href="pygtk-gtkmenutoolbutton.xml"/>
  <xi:include href="pygtk-gtkmessagedialog.xml"/>
  <xi:include href="pygtk-gtkmisc.xml"/>
  <xi:include href="pygtk-gtkmountoperation.xml"/>
  <xi:include href="pygtk-gtknotebook.xml"/>
  <xi:include href="pygtk-gtkobject.xml"/>
  <xi:include href="pygtk-gtkoffscreenwindow.xml"/>
  <xi:include href="pygtk-gtkoptionmenu.xml"/>
  <xi:include href="pygtk-gtkpagesetup.xml"/>
  <xi:include href="pygtk-gtkpaned.xml"/>
  <xi:include href="pygtk-gtkpapersize.xml"/>
  <xi:include href="pygtk-gtkplug.xml"/>
  <xi:include href="pygtk-gtkprintcontext.xml"/>
  <xi:include href="pygtk-gtkprintoperation.xml"/>
  <xi:include href="pygtk-gtkprintoperationpreview.xml"/>
  <xi:include href="pygtk-gtkprintsettings.xml"/>
  <xi:include href="pygtk-gtkprogressbar.xml"/>
  <xi:include href="pygtk-gtkradioaction.xml"/>
  <xi:include href="pygtk-gtkradiobutton.xml"/>
  <xi:include href="pygtk-gtkradiomenuitem.xml"/>
  <xi:include href="pygtk-gtkradiotoolbutton.xml"/>
  <xi:include href="pygtk-gtkrange.xml"/>
  <xi:include href="pygtk-gtkrcstyle.xml"/>
  <xi:include href="pygtk-gtkrecentaction.xml"/>
  <xi:include href="pygtk-gtkrecentchooserdialog.xml"/>
  <xi:include href="pygtk-gtkrecentchoosermenu.xml"/>
  <xi:include href="pygtk-gtkrecentchooserwidget.xml"/>
  <xi:include href="pygtk-gtkrecentchooser.xml"/>
  <xi:include href="pygtk-gtkrecentfilter.xml"/>
  <xi:include href="pygtk-gtkrecentinfo.xml"/>
  <xi:include href="pygtk-gtkrecentmanager.xml"/>
  <xi:include href="pygtk-gtkrequisition.xml"/>
  <xi:include href="pygtk-gtkruler.xml"/>
  <xi:include href="pygtk-gtkscale.xml"/>
  <xi:include href="pygtk-gtkscalebutton.xml"/>
  <xi:include href="pygtk-gtkscrollbar.xml"/>
  <xi:include href="pygtk-gtkscrolledwindow.xml"/>
  <xi:include href="pygtk-gtkselectiondata.xml"/>
  <xi:include href="pygtk-gtkseparator.xml"/>
  <xi:include href="pygtk-gtkseparatormenuitem.xml"/>
  <xi:include href="pygtk-gtkseparatortoolitem.xml"/>
  <xi:include href="pygtk-gtksettings.xml"/>
  <xi:include href="pygtk-gtksizegroup.xml"/>
  <xi:include href="pygtk-gtksocket.xml"/>
  <xi:include href="pygtk-gtkspinbutton.xml"/>
  <xi:include href="pygtk-gtkspinner.xml"/>
  <xi:include href="pygtk-gtkstatusbar.xml"/>
  <xi:include href="pygtk-gtkstatusicon.xml"/>
  <xi:include href="pygtk-gtkstyle.xml"/>
  <xi:include href="pygtk-gtktable.xml"/>
  <xi:include href="pygtk-gtktearoffmenuitem.xml"/>
  <xi:include href="pygtk-gtktextattributes.xml"/>
  <xi:include href="pygtk-gtktextbuffer.xml"/>
  <xi:include href="pygtk-gtktextchildanchor.xml"/>
  <xi:include href="pygtk-gtktextiter.xml"/>
  <xi:include href="pygtk-gtktextmark.xml"/>
  <xi:include href="pygtk-gtktexttag.xml"/>
  <xi:include href="pygtk-gtktexttagtable.xml"/>
  <xi:include href="pygtk-gtktextview.xml"/>
  <xi:include href="pygtk-gtktoggleaction.xml"/>
  <xi:include href="pygtk-gtktogglebutton.xml"/>
  <xi:include href="pygtk-gtktoggletoolbutton.xml"/>
  <xi:include href="pygtk-gtktoolbar.xml"/>
  <xi:include href="pygtk-gtktoolbutton.xml"/>
  <xi:include href="pygtk-gtktoolitem.xml"/>
  <xi:include href="pygtk-gtktoolitemgroup.xml"/>
  <xi:include href="pygtk-gtktoolpalette.xml"/>
  <xi:include href="pygtk-gtktoolshell.xml"/>
  <xi:include href="pygtk-gtktooltip.xml"/>
  <xi:include href="pygtk-gtktooltips.xml"/>
  <xi:include href="pygtk-gtktreedragdest.xml"/>
  <xi:include href="pygtk-gtktreedragsource.xml"/>
  <xi:include href="pygtk-gtktreeiter.xml"/>
  <xi:include href="pygtk-gtktreemodel.xml"/>
  <xi:include href="pygtk-gtktreemodelfilter.xml"/>
  <xi:include href="pygtk-gtktreemodelsort.xml"/>
  <xi:include href="pygtk-pygtktreemodelrow.xml"/>
  <xi:include href="pygtk-pygtktreemodelrowiter.xml"/>
  <xi:include href="pygtk-gtktreerowreference.xml"/>
  <xi:include href="pygtk-gtktreeselection.xml"/>
  <xi:include href="pygtk-gtktreesortable.xml"/>
  <xi:include href="pygtk-gtktreestore.xml"/>
  <xi:include href="pygtk-gtktreeview.xml"/>
  <xi:include href="pygtk-gtktreeviewcolumn.xml"/>
  <xi:include href="pygtk-gtkuimanager.xml"/>
  <xi:include href="pygtk-gtkvbox.xml"/>
  <xi:include href="pygtk-gtkvbuttonbox.xml"/>
  <xi:include href="pygtk-gtkvolumebutton.xml"/>
  <xi:include href="pygtk-gtkvpaned.xml"/>
  <xi:include href="pygtk-gtkvruler.xml"/>
  <xi:include href="pygtk-gtkvscale.xml"/>
  <xi:include href="pygtk-gtkvscrollbar.xml"/>
  <xi:include href="pygtk-gtkvseparator.xml"/>
  <xi:include href="pygtk-gtkviewport.xml"/>
  <xi:include href="pygtk-gtkwidget.xml"/>
  <xi:include href="pygtk-gtkwindow.xml"/>
  <xi:include href="pygtk-gtkwindowgroup.xml"/>
  <xi:include href="pygtk-gtk-functions.xml"/>
  <xi:include href="pygtk-gtk-stock-items.xml"/>
  <xi:include href="pygtk-gtk-constants.xml"/>

</chapter>
