<?xml version="1.0" standalone="no"?>
<!DOCTYPE chapter PUBLIC "-//OASIS//DTD DocBook XML V4.1.2//EN"
    "http://www.oasis-open.org/docbook/xml/4.1.2/docbookx.dtd">
<chapter id="gdk-class-reference" xmlns:xi="http://www.w3.org/2001/XInclude">
  <title>The gtk.gdk Class Reference</title>

<!-- GDK CLASSES -->

  <xi:include href="pygtk-gdkapplaunchcontext.xml"/>
  <xi:include href="pygtk-gdkatom.xml"/>
  <xi:include href="pygtk-gdkcairocontext.xml"/>
  <xi:include href="pygtk-gdkcolor.xml"/>
  <xi:include href="pygtk-gdkcolormap.xml"/>
  <xi:include href="pygtk-gdkcursor.xml"/>
  <xi:include href="pygtk-gdkdevice.xml"/>
  <xi:include href="pygtk-gdkdisplay.xml"/>
  <xi:include href="pygtk-gdkdisplaymanager.xml"/>
  <xi:include href="pygtk-gdkdragcontext.xml"/>
  <xi:include href="pygtk-gdkdrawable.xml"/>
  <xi:include href="pygtk-gdkevent.xml"/>
  <xi:include href="pygtk-gdkgc.xml"/>
  <xi:include href="pygtk-gdkimage.xml"/>
  <xi:include href="pygtk-gdkkeymap.xml"/>
  <xi:include href="pygtk-gdkpangorenderer.xml"/>
  <xi:include href="pygtk-gdkpixbuf.xml"/>
  <xi:include href="pygtk-gdkpixbufanimation.xml"/>
  <xi:include href="pygtk-gdkpixbufanimationiter.xml"/>
  <xi:include href="pygtk-gdkpixbufloader.xml"/>
  <xi:include href="pygtk-gdkpixmap.xml"/>
  <xi:include href="pygtk-gdkrectangle.xml"/>
  <xi:include href="pygtk-gdkregion.xml"/>
  <xi:include href="pygtk-gdkscreen.xml"/>
  <xi:include href="pygtk-gdkvisual.xml"/>
  <xi:include href="pygtk-gdkwindow.xml"/>
  <xi:include href="pygtk-gdk-functions.xml"/>
  <xi:include href="pygtk-gdk-constants.xml"/>

</chapter>
