<?xml version="1.0" standalone="no"?>
<!DOCTYPE refentry PUBLIC "-//OASIS//DTD DocBook XML V4.1.2//EN"
    "http://www.oasis-open.org/docbook/xml/4.1.2/docbookx.dtd">

<refentry id="class-atkimplementor">

  <refnamediv>
    <refname>atk.Implementor</refname>
      <refpurpose></refpurpose>
  </refnamediv>

  <refsect1>
    <title>Synopsis</title>

    <classsynopsis language="python">
      <ooclass><classname>atk.Implementor</classname></ooclass>
      <ooclass><classname>gobject.GInterface</classname></ooclass>
      <methodsynopsis language="python">
        <methodname><link linkend="method-atkimplementor--ref-accessible">ref_accessible</link></methodname>
        <methodparam></methodparam>
      </methodsynopsis>
</classsynopsis>

  </refsect1>

  <refsect1>
    <title>Description</title>

    <para></para>

  </refsect1>

  <refsect1>
    <title>Methods</title>

    <refsect2 id="method-atkimplementor--ref-accessible">
      <title>atk.Implementor.ref_accessible</title>

      <programlisting><methodsynopsis language="python">
        <methodname>ref_accessible</methodname>
        <methodparam></methodparam>
      </methodsynopsis></programlisting>

      <variablelist>
        <varlistentry>
          <term><emphasis>Returns</emphasis>&nbsp;:</term>
          <listitem><simpara>a reference to an object's <link
          linkend="class-atkobject"><classname>atk.Object</classname></link>
          implementation</simpara></listitem>
        </varlistentry>
      </variablelist>

      <para>Gets a reference to an object's <link
      linkend="class-atkobject"><classname>atk.Object</classname></link>
      implementation, if the object implements <link
      linkend="class-atkobject"><classname>atk.Object</classname></link></para>

    </refsect2>

  </refsect1>

</refentry>
