<?xml version="1.0" standalone="no"?>
<!DOCTYPE chapter PUBLIC "-//OASIS//DTD DocBook XML V4.1.2//EN"
    "http://www.oasis-open.org/docbook/xml/4.1.2/docbookx.dtd">
<chapter id="atk-class-reference" xmlns:xi="http://www.w3.org/2001/XInclude">
  <title>The atk Class Reference</title>

<!-- ATK OBJECTS -->

  <xi:include href="pygtk-atkaction.xml"/>
  <xi:include href="pygtk-atkcomponent.xml"/>
  <xi:include href="pygtk-atkdocument.xml"/>
  <xi:include href="pygtk-atkeditabletext.xml"/>
  <xi:include href="pygtk-atkgobjectaccessible.xml"/>
  <xi:include href="pygtk-atkhyperlink.xml"/>
  <xi:include href="pygtk-atkhypertext.xml"/>
  <xi:include href="pygtk-atkimage.xml"/>
  <xi:include href="pygtk-atkimplementor.xml"/>
  <xi:include href="pygtk-atknoopobject.xml"/>
  <xi:include href="pygtk-atknoopobjectfactory.xml"/>
  <xi:include href="pygtk-atkobject.xml"/>
  <xi:include href="pygtk-atkobjectfactory.xml"/>
  <xi:include href="pygtk-atkrectangle.xml"/>
  <xi:include href="pygtk-atkregistry.xml"/>
  <xi:include href="pygtk-atkrelation.xml"/>
  <xi:include href="pygtk-atkrelationset.xml"/>
  <xi:include href="pygtk-atkselection.xml"/>
  <xi:include href="pygtk-atkstateset.xml"/>
  <xi:include href="pygtk-atkstreamablecontent.xml"/>
  <xi:include href="pygtk-atktable.xml"/>
  <xi:include href="pygtk-atktext.xml"/>
  <xi:include href="pygtk-atkvalue.xml"/>
  <xi:include href="pygtk-atk-constants.xml"/>

</chapter>
